[
  {
    "name": "TRAMADOL HYDROCHLORIDE",
    "price": 516.48,
    "seller": "null Moreno"
  },
  {
    "name": "Allopurinol",
    "price": 518.50,
    "seller": "null Harrison"
  },
  {
    "name": "Parsley",
    "price": 519.06,
    "seller": "Emily Parker"
  },
  {
    "name": "equaline",
    "price": 520.45,
    "seller": "Sarah Day"
  },
  {
    "name": "Extra Strength Pain Reliever PM",
    "price": 542.72,
    "seller": "null Mitchell"
  },
  {
    "name": "Propranolol Hydrochloride",
    "price": 546.95,
    "seller": "Jennifer Riley"
  },
  {
    "name": "Prednisone",
    "price": 550.72,
    "seller": "Sarah Day"
  },
  {
    "name": "TERSI",
    "price": 554.91,
    "seller": "Fred Allen"
  },
  {
    "name": "DAYWEAR PLUS MULTI PROTECTION TINTED MOISTURIZER",
    "price": 555.12,
    "seller": "Eugene Stewart"
  },
  {
    "name": "PLANTAGO LANCEOLATA POLLEN",
    "price": 561.68,
    "seller": "Christine Gomez"
  },
  {
    "name": "Echinacea Quartz Gum Support",
    "price": 570.08,
    "seller": "Anna Parker"
  },
  {
    "name": "Topiramate",
    "price": 578.77,
    "seller": "null Baker"
  },
  {
    "name": "AIR",
    "price": 581.69,
    "seller": "Fred Barnes"
  },
  {
    "name": "Agaricus Equisetum Special Order",
    "price": 585.93,
    "seller": "Rachel Johnson"
  },
  {
    "name": "Gemcitabine",
    "price": 594.79,
    "seller": "Ann Stevens"
  },
  {
    "name": "Ketorolac Tromethamine",
    "price": 608.18,
    "seller": "Joshua Murray"
  },
  {
    "name": "Pleo Ginkgo",
    "price": 613.65,
    "seller": "Rachel Johnson"
  },
  {
    "name": "Diastat",
    "price": 614.14,
    "seller": "null Cunningham"
  },
  {
    "name": "No7 Protect and Perfect Foundation Sunscreen Broad Spectrum SPF 15 Cool Ivory",
    "price": 616.19,
    "seller": "Benjamin Henry"
  },
  {
    "name": "Glipizide",
    "price": 621.78,
    "seller": "Arthur Reynolds"
  },
  {
    "name": "AMARANTHUS PALMERI POLLEN",
    "price": 623.16,
    "seller": "null Lawson"
  },
  {
    "name": "Foaming Hand Sanitizer",
    "price": 624.72,
    "seller": "Amanda Frazier"
  },
  {
    "name": "ziprasidone hydrochloride",
    "price": 628.66,
    "seller": "Fred Barnes"
  },
  {
    "name": "AVANDAMET",
    "price": 632.08,
    "seller": "Jennifer Riley"
  },
  {
    "name": "Imipramine Hydrochloride",
    "price": 648.69,
    "seller": "Patricia Fuller"
  },
  {
    "name": "Childrens Allegra Allergy",
    "price": 650.97,
    "seller": "null Moreno"
  },
  {
    "name": "Strattera",
    "price": 658.54,
    "seller": "Nicole Harris"
  },
  {
    "name": "Amitiza",
    "price": 666.58,
    "seller": "Anna Clark"
  },
  {
    "name": "ENBREL",
    "price": 673.97,
    "seller": "null Moreno"
  },
  {
    "name": "Ampicillin",
    "price": 674.63,
    "seller": "Carl Daniels"
  },
  {
    "name": "PRIMAXIN",
    "price": 686.66,
    "seller": "Joshua Murray"
  },
  {
    "name": "CLARINS Ever Matte SPF 15 - 105 Nude",
    "price": 696.06,
    "seller": "Patricia Fuller"
  },
  {
    "name": "CALMING DIAPER RASH",
    "price": 700.92,
    "seller": "Jacqueline Perez"
  },
  {
    "name": "Acnezzol Base",
    "price": 710.60,
    "seller": "null Fox"
  },
  {
    "name": "Prostate",
    "price": 716.05,
    "seller": "Patricia Cooper"
  },
  {
    "name": "Pleo Lat",
    "price": 720.08,
    "seller": "Billy Parker"
  },
  {
    "name": "GOONG SECRET CALMING BATH",
    "price": 742.47,
    "seller": "Clarence Fowler"
  }
]