[
  {
    "firstName": "Patrick",
    "lastName": "King",
    "buyingProducts": {
      "products": [
        {
          "name": "Aspergillus repens",
          "price": 1231.42,
          "buyerFirstName": "Patrick",
          "buyerLastName": "King"
        }
      ]
    }
  },
  {
    "firstName": "Amanda",
    "lastName": "Frazier",
    "buyingProducts": {
      "products": [
        {
          "name": "Nighttime Sleep Aid",
          "price": 1217.11,
          "buyerFirstName": "Amanda",
          "buyerLastName": "Frazier"
        },
        {
          "name": "Flumazenil",
          "price": 1151.37,
          "buyerFirstName": "Amanda",
          "buyerLastName": "Frazier"
        },
        {
          "name": "ESIKA 3-IN-1 PRO MAKE UP FOUNDATION SPF 20 BASE DE MAQUILLAJE PARA ROSTRO 3-EN-1 PRO FPS 20",
          "price": 1097.60,
          "buyerFirstName": "Amanda",
          "buyerLastName": "Frazier"
        },
        {
          "name": "Aquafresh",
          "price": 849.93,
          "buyerFirstName": "Amanda",
          "buyerLastName": "Frazier"
        }
      ]
    }
  },
  {
    "firstName": "Jonathan",
    "lastName": "Rodriguez",
    "buyingProducts": {
      "products": [
        {
          "name": "VITALUMIERE AQUA",
          "price": 1293.09,
          "buyerFirstName": "Jonathan",
          "buyerLastName": "Rodriguez"
        },
        {
          "name": "Aspen",
          "price": 1046.46,
          "buyerFirstName": "Jonathan",
          "buyerLastName": "Rodriguez"
        }
      ]
    }
  },
  {
    "firstName": "Jennifer",
    "lastName": "Riley",
    "buyingProducts": {
      "products": [
        {
          "name": "Cefadroxil",
          "price": 1302.20,
          "buyerFirstName": "Jennifer",
          "buyerLastName": "Riley"
        },
        {
          "name": "Clarins Paris Skin Illusion - 114 cappuccino",
          "price": 811.42,
          "buyerFirstName": "Jennifer",
          "buyerLastName": "Riley"
        },
        {
          "name": "Metformin Hydrochloride",
          "price": 953.99,
          "buyerFirstName": "Jennifer",
          "buyerLastName": "Riley"
        }
      ]
    }
  },
  {
    "firstName": "Diana",
    "lastName": "Harvey",
    "buyingProducts": {
      "products": [
        {
          "name": "MEDICATED DANDRUFF",
          "price": 1351.02,
          "buyerFirstName": "Diana",
          "buyerLastName": "Harvey"
        },
        {
          "name": "Etoposide",
          "price": 1483.96,
          "buyerFirstName": "Diana",
          "buyerLastName": "Harvey"
        }
      ]
    }
  },
  {
    "firstName": "Betty",
    "lastName": "Ward",
    "buyingProducts": {
      "products": []
    }
  },
  {
    "firstName": "Gloria",
    "lastName": "Alexander",
    "buyingProducts": {
      "products": [
        {
          "name": "Treatment Set TS336667",
          "price": 1466.47,
          "buyerFirstName": "Gloria",
          "buyerLastName": "Alexander"
        }
      ]
    }
  },
  {
    "firstName": "Jean",
    "lastName": "Henry",
    "buyingProducts": {
      "products": [
        {
          "name": "Head and Shoulders Conditioner",
          "price": 1099.59,
          "buyerFirstName": "Jean",
          "buyerLastName": "Henry"
        },
        {
          "name": "Perrigo Benzoyl Peroxide",
          "price": 873.24,
          "buyerFirstName": "Jean",
          "buyerLastName": "Henry"
        }
      ]
    }
  },
  {
    "firstName": "Anna",
    "lastName": "Parker",
    "buyingProducts": {
      "products": []
    }
  },
  {
    "firstName": "Chris",
    "lastName": "Mitchell",
    "buyingProducts": {
      "products": [
        {
          "name": "PAMO Kill Natural",
          "price": 1181.06,
          "buyerFirstName": "Chris",
          "buyerLastName": "Mitchell"
        },
        {
          "name": "Ondansetron",
          "price": 1249.76,
          "buyerFirstName": "Chris",
          "buyerLastName": "Mitchell"
        },
        {
          "name": "EPZICOM",
          "price": 895.65,
          "buyerFirstName": "Chris",
          "buyerLastName": "Mitchell"
        }
      ]
    }
  },
  {
    "lastName": "Thompson",
    "buyingProducts": {
      "products": [
        {
          "name": "Ringers",
          "price": 1054.37,
          "buyerLastName": "Thompson"
        }
      ]
    }
  },
  {
    "firstName": "Christina",
    "lastName": "Patterson",
    "buyingProducts": {
      "products": [
        {
          "name": "XtraCare Foam Antibacterial Hand Wash",
          "price": 1251.97,
          "buyerFirstName": "Christina",
          "buyerLastName": "Patterson"
        }
      ]
    }
  },
  {
    "firstName": "Brandon",
    "lastName": "Fuller",
    "buyingProducts": {
      "products": [
        {
          "name": "Butalbital, Aspirin and Caffeine",
          "price": 1010.98,
          "buyerFirstName": "Brandon",
          "buyerLastName": "Fuller"
        },
        {
          "name": "Leg Cramp Relief",
          "price": 1345.69,
          "buyerFirstName": "Brandon",
          "buyerLastName": "Fuller"
        }
      ]
    }
  },
  {
    "lastName": "Lawson",
    "buyingProducts": {
      "products": [
        {
          "name": "NEO-POLY-BAC HYDRO",
          "price": 967.32,
          "buyerLastName": "Lawson"
        },
        {
          "name": "Triamterene and Hydrochlorothiazide",
          "price": 1416.59,
          "buyerLastName": "Lawson"
        }
      ]
    }
  },
  {
    "firstName": "Christine",
    "lastName": "Gomez",
    "buyingProducts": {
      "products": [
        {
          "name": "IOPE SUPER VITAL",
          "price": 824.68,
          "buyerFirstName": "Christine",
          "buyerLastName": "Gomez"
        }
      ]
    }
  },
  {
    "lastName": "Mitchell",
    "buyingProducts": {
      "products": [
        {
          "name": "RESCRIPTOR",
          "price": 850.52,
          "buyerLastName": "Mitchell"
        }
      ]
    }
  },
  {
    "firstName": "Jacqueline",
    "lastName": "Perez",
    "buyingProducts": {
      "products": [
        {
          "name": "Retin-A MICRO",
          "price": 995.98,
          "buyerFirstName": "Jacqueline",
          "buyerLastName": "Perez"
        }
      ]
    }
  },
  {
    "lastName": "Fox",
    "buyingProducts": {
      "products": []
    }
  },
  {
    "firstName": "Rachel",
    "lastName": "Johnson",
    "buyingProducts": {
      "products": [
        {
          "name": "Aspirin",
          "price": 925.45,
          "buyerFirstName": "Rachel",
          "buyerLastName": "Johnson"
        },
        {
          "name": "Fosphenytoin Sodium",
          "price": 1334.06,
          "buyerFirstName": "Rachel",
          "buyerLastName": "Johnson"
        }
      ]
    }
  },
  {
    "firstName": "Joshua",
    "lastName": "Murray",
    "buyingProducts": {
      "products": []
    }
  },
  {
    "firstName": "Gary",
    "lastName": "Stevens",
    "buyingProducts": {
      "products": [
        {
          "name": "Budpak Hemorrhoid Anesthetic",
          "price": 1499.29,
          "buyerFirstName": "Gary",
          "buyerLastName": "Stevens"
        },
        {
          "name": "Ranitidine",
          "price": 926.64,
          "buyerFirstName": "Gary",
          "buyerLastName": "Stevens"
        }
      ]
    }
  },
  {
    "firstName": "Arthur",
    "lastName": "Reynolds",
    "buyingProducts": {
      "products": [
        {
          "name": "Benazepril Hydrochloride and Hydrochlorothiazide",
          "price": 1187.27,
          "buyerFirstName": "Arthur",
          "buyerLastName": "Reynolds"
        },
        {
          "name": "Archangelica Eucalyptus",
          "price": 1334.91,
          "buyerFirstName": "Arthur",
          "buyerLastName": "Reynolds"
        }
      ]
    }
  },
  {
    "firstName": "Betty",
    "lastName": "Lawson",
    "buyingProducts": {
      "products": []
    }
  },
  {
    "firstName": "Marie",
    "lastName": "Williamson",
    "buyingProducts": {
      "products": []
    }
  },
  {
    "lastName": "Moreno",
    "buyingProducts": {
      "products": [
        {
          "name": "leader pain reliever",
          "price": 1179.79,
          "buyerLastName": "Moreno"
        },
        {
          "name": "Topex",
          "price": 1258.49,
          "buyerLastName": "Moreno"
        }
      ]
    }
  },
  {
    "firstName": "Sandra",
    "lastName": "Riley",
    "buyingProducts": {
      "products": [
        {
          "name": "SUMATRIPTAN SUCCINATE",
          "price": 1265.94,
          "buyerFirstName": "Sandra",
          "buyerLastName": "Riley"
        }
      ]
    }
  },
  {
    "firstName": "Bonnie",
    "lastName": "Fox",
    "buyingProducts": {
      "products": [
        {
          "name": "Pollens - Trees, Birch Mix",
          "price": 1153.54,
          "buyerFirstName": "Bonnie",
          "buyerLastName": "Fox"
        },
        {
          "name": "PCA SKIN ACNE",
          "price": 1356.22,
          "buyerFirstName": "Bonnie",
          "buyerLastName": "Fox"
        },
        {
          "name": "Alcohol Free Antiseptic",
          "price": 1486.07,
          "buyerFirstName": "Bonnie",
          "buyerLastName": "Fox"
        }
      ]
    }
  },
  {
    "lastName": "Peterson",
    "buyingProducts": {
      "products": [
        {
          "name": "DIVALPROEX SODIUM",
          "price": 1287.03,
          "buyerLastName": "Peterson"
        },
        {
          "name": "Finasteride",
          "price": 1374.01,
          "buyerLastName": "Peterson"
        },
        {
          "name": "Topical 60 Sec Sodium Fluoride",
          "price": 1228.84,
          "buyerLastName": "Peterson"
        }
      ]
    }
  },
  {
    "firstName": "Ann",
    "lastName": "Stevens",
    "buyingProducts": {
      "products": [
        {
          "name": "XANTHIUM STRUMARIUM VAR CANADENSE POLLEN",
          "price": 1091.38,
          "buyerFirstName": "Ann",
          "buyerLastName": "Stevens"
        },
        {
          "name": "Pollens - Weeds and Garden Plants, Nettle Urtica dioica",
          "price": 782.77,
          "buyerFirstName": "Ann",
          "buyerLastName": "Stevens"
        }
      ]
    }
  },
  {
    "firstName": "Doris",
    "lastName": "Cook",
    "buyingProducts": {
      "products": [
        {
          "name": "Hydralazine Hydrochloride",
          "price": 1309.72,
          "buyerFirstName": "Doris",
          "buyerLastName": "Cook"
        },
        {
          "name": "Wintergreen Isopropyl Alcohol",
          "price": 1397.57,
          "buyerFirstName": "Doris",
          "buyerLastName": "Cook"
        }
      ]
    }
  },
  {
    "firstName": "Carl",
    "lastName": "Daniels",
    "buyingProducts": {
      "products": [
        {
          "name": "Ibuprofen",
          "price": 1305.96,
          "buyerFirstName": "Carl",
          "buyerLastName": "Daniels"
        }
      ]
    }
  },
  {
    "firstName": "Nicole",
    "lastName": "Martinez",
    "buyingProducts": {
      "products": [
        {
          "name": "Naproxen",
          "price": 807.22,
          "buyerFirstName": "Nicole",
          "buyerLastName": "Martinez"
        }
      ]
    }
  },
  {
    "lastName": "Schmidt",
    "buyingProducts": {
      "products": []
    }
  },
  {
    "firstName": "Clarence",
    "lastName": "Fowler",
    "buyingProducts": {
      "products": [
        {
          "name": "ESIKA",
          "price": 879.37,
          "buyerFirstName": "Clarence",
          "buyerLastName": "Fowler"
        },
        {
          "name": "Warfarin Sodium",
          "price": 1379.79,
          "buyerFirstName": "Clarence",
          "buyerLastName": "Fowler"
        },
        {
          "name": "smart sense nighttime cold and flu relief",
          "price": 1101.77,
          "buyerFirstName": "Clarence",
          "buyerLastName": "Fowler"
        },
        {
          "name": "Metoprolol Tartrate",
          "price": 1405.74,
          "buyerFirstName": "Clarence",
          "buyerLastName": "Fowler"
        },
        {
          "name": "Smooth texture Orange flavor",
          "price": 976.65,
          "buyerFirstName": "Clarence",
          "buyerLastName": "Fowler"
        },
        {
          "name": "SEPHORA Acne-Fighting Mattifying Moisturizer",
          "price": 1019.28,
          "buyerFirstName": "Clarence",
          "buyerLastName": "Fowler"
        }
      ]
    }
  },
  {
    "lastName": "Stewart",
    "buyingProducts": {
      "products": [
        {
          "name": "DIPYRIDAMOLE",
          "price": 1150.67,
          "buyerLastName": "Stewart"
        },
        {
          "name": "pain relief",
          "price": 938.23,
          "buyerLastName": "Stewart"
        }
      ]
    }
  },
  {
    "firstName": "Patricia",
    "lastName": "Cooper",
    "buyingProducts": {
      "products": [
        {
          "name": "Meloxicam",
          "price": 809.18,
          "buyerFirstName": "Patricia",
          "buyerLastName": "Cooper"
        }
      ]
    }
  },
  {
    "firstName": "Nicole",
    "lastName": "Harris",
    "buyingProducts": {
      "products": [
        {
          "name": "Acetic Acid",
          "price": 1060.43,
          "buyerFirstName": "Nicole",
          "buyerLastName": "Harris"
        },
        {
          "name": "Zonisamide",
          "price": 1305.41,
          "buyerFirstName": "Nicole",
          "buyerLastName": "Harris"
        },
        {
          "name": "Acid Reducer",
          "price": 1443.51,
          "buyerFirstName": "Nicole",
          "buyerLastName": "Harris"
        },
        {
          "name": "Ibuprofen",
          "price": 1088.04,
          "buyerFirstName": "Nicole",
          "buyerLastName": "Harris"
        }
      ]
    }
  },
  {
    "lastName": "Cunningham",
    "buyingProducts": {
      "products": [
        {
          "name": "Prednisone",
          "price": 1285.99,
          "buyerLastName": "Cunningham"
        },
        {
          "name": "Gilotrif",
          "price": 1454.77,
          "buyerLastName": "Cunningham"
        },
        {
          "name": "Laser Block 100",
          "price": 1135.43,
          "buyerLastName": "Cunningham"
        }
      ]
    }
  },
  {
    "firstName": "Kathy",
    "lastName": "Gilbert",
    "buyingProducts": {
      "products": [
        {
          "name": "LV-FX",
          "price": 820.87,
          "buyerFirstName": "Kathy",
          "buyerLastName": "Gilbert"
        },
        {
          "name": "Fair Foundation SPF 15",
          "price": 1394.24,
          "buyerFirstName": "Kathy",
          "buyerLastName": "Gilbert"
        },
        {
          "name": "Oxygen",
          "price": 1242.92,
          "buyerFirstName": "Kathy",
          "buyerLastName": "Gilbert"
        },
        {
          "name": "TYLENOL COLD MULTI-SYMPTOM DAYTIME",
          "price": 1010.81,
          "buyerFirstName": "Kathy",
          "buyerLastName": "Gilbert"
        },
        {
          "name": "Homeopathic Rheumatism",
          "price": 967.08,
          "buyerFirstName": "Kathy",
          "buyerLastName": "Gilbert"
        }
      ]
    }
  },
  {
    "lastName": "Harrison",
    "buyingProducts": {
      "products": [
        {
          "name": "Levothyroxine Sodium",
          "price": 885.86,
          "buyerLastName": "Harrison"
        },
        {
          "name": "smart sense nicotine",
          "price": 1444.12,
          "buyerLastName": "Harrison"
        },
        {
          "name": "IOPE RETIGEN MOISTURE TWIN CAKE NO.21",
          "price": 1257.71,
          "buyerLastName": "Harrison"
        },
        {
          "name": "Effervescent Cold Relief",
          "price": 1436.07,
          "buyerLastName": "Harrison"
        }
      ]
    }
  },
  {
    "firstName": "Fred",
    "lastName": "Allen",
    "buyingProducts": {
      "products": [
        {
          "name": "Acetaminophen, Chlorpheniramine Maleate, Dextromethorphan Hydrobromide, Phenylephrine Hydrochloride",
          "price": 1028.27,
          "buyerFirstName": "Fred",
          "buyerLastName": "Allen"
        },
        {
          "name": "Lorazepam",
          "price": 1134.96,
          "buyerFirstName": "Fred",
          "buyerLastName": "Allen"
        }
      ]
    }
  },
  {
    "firstName": "Anna",
    "lastName": "Clark",
    "buyingProducts": {
      "products": [
        {
          "name": "Growing Pains",
          "price": 1077.37,
          "buyerFirstName": "Anna",
          "buyerLastName": "Clark"
        }
      ]
    }
  },
  {
    "firstName": "Thomas",
    "lastName": "Snyder",
    "buyingProducts": {
      "products": [
        {
          "name": "LBEL Couleur Luxe Rouge Amplifier XP amplifying SPF 15",
          "price": 1069.43,
          "buyerFirstName": "Thomas",
          "buyerLastName": "Snyder"
        }
      ]
    }
  },
  {
    "firstName": "Emily",
    "lastName": "Parker",
    "buyingProducts": {
      "products": []
    }
  }
]