[
  {
    "firstName": "Patrick",
    "lastName": "King",
    "age": 0,
    "soldProducts": {
      "count": 7,
      "products": [
        {
          "name": "Metaxalone",
          "price": 79.94
        },
        {
          "name": "pain relief",
          "price": 938.23
        },
        {
          "name": "Archangelica Eucalyptus",
          "price": 1334.91
        },
        {
          "name": "Glycopyrrolate",
          "price": 1471.43
        },
        {
          "name": "U-max Multi BB",
          "price": 137.16
        },
        {
          "name": "Treatment Set TS336667",
          "price": 1466.47
        },
        {
          "name": "Enalapril Maleate",
          "price": 72.71
        }
      ]
    }
  },
  {
    "firstName": "Amanda",
    "lastName": "Frazier",
    "age": 0,
    "soldProducts": {
      "count": 4,
      "products": [
        {
          "name": "Gilotrif",
          "price": 1454.77
        },
        {
          "name": "LV-FX",
          "price": 820.87
        },
        {
          "name": "Foaming Hand Sanitizer",
          "price": 624.72
        },
        {
          "name": "Acetaminophen, Chlorpheniramine Maleate, Dextromethorphan Hydrobromide, Phenylephrine Hydrochloride",
          "price": 1028.27
        }
      ]
    }
  },
  {
    "firstName": "Jonathan",
    "lastName": "Rodriguez",
    "age": 0,
    "soldProducts": {
      "count": 4,
      "products": [
        {
          "name": "ANXIETY/STRESS RELIEF",
          "price": 324.66
        },
        {
          "name": "Americaine",
          "price": 1165.75
        },
        {
          "name": "Yellow Jacket hymenoptera venom Venomil Diagnostic",
          "price": 23.58
        },
        {
          "name": "Lorazepam",
          "price": 1134.96
        }
      ]
    }
  },
  {
    "firstName": "Jennifer",
    "lastName": "Riley",
    "age": 0,
    "soldProducts": {
      "count": 5,
      "products": [
        {
          "name": "Buprenorphine hydrochloride and naloxone hydrochloride dihydrate",
          "price": 293.33
        },
        {
          "name": "AVANDAMET",
          "price": 632.08
        },
        {
          "name": "Propranolol Hydrochloride",
          "price": 546.95
        },
        {
          "name": "Allergena",
          "price": 109.32
        },
        {
          "name": "Spironolactone",
          "price": 933.69
        }
      ]
    }
  },
  {
    "firstName": "Diana",
    "lastName": "Harvey",
    "age": 46,
    "soldProducts": {
      "count": 3,
      "products": [
        {
          "name": "Acetic Acid",
          "price": 1060.43
        },
        {
          "name": "Azithromycin",
          "price": 813.87
        },
        {
          "name": "Buprenorphine hydrochloride",
          "price": 391.05
        }
      ]
    }
  },
  {
    "firstName": "Betty",
    "lastName": "Ward",
    "age": 70,
    "soldProducts": {
      "count": 2,
      "products": [
        {
          "name": "CARBIDOPA AND LEVODOPA",
          "price": 441.64
        },
        {
          "name": "Warfarin Sodium",
          "price": 770.05
        }
      ]
    }
  },
  {
    "firstName": "Gloria",
    "lastName": "Alexander",
    "age": 61,
    "soldProducts": {
      "count": 5,
      "products": [
        {
          "name": "Fair Foundation SPF 15",
          "price": 1394.24
        },
        {
          "name": "BareMinerals Golden Tan matte",
          "price": 110.93
        },
        {
          "name": "Isosorbide Mononitrate",
          "price": 789.91
        },
        {
          "name": "Pioglitazone",
          "price": 306.56
        },
        {
          "name": "Aspergillus repens",
          "price": 1231.42
        }
      ]
    }
  },
  {
    "firstName": "Jean",
    "lastName": "Henry",
    "age": 0,
    "soldProducts": {
      "count": 4,
      "products": [
        {
          "name": "Baza Antifungal",
          "price": 1162.34
        },
        {
          "name": "IOPE SUPER VITAL",
          "price": 824.68
        },
        {
          "name": "Peter Island Continous sunscreen kids",
          "price": 471.30
        },
        {
          "name": "Nevirapine",
          "price": 1374.72
        }
      ]
    }
  },
  {
    "firstName": "Anna",
    "lastName": "Parker",
    "age": 56,
    "soldProducts": {
      "count": 6,
      "products": [
        {
          "name": "Echinacea Quartz Gum Support",
          "price": 570.08
        },
        {
          "name": "Burn Jel",
          "price": 209.57
        },
        {
          "name": "allergy eye",
          "price": 426.91
        },
        {
          "name": "GEMCITABINE",
          "price": 1468.11
        },
        {
          "name": "H-Rosacea Formula",
          "price": 99.74
        },
        {
          "name": "Growing Pains",
          "price": 1077.37
        }
      ]
    }
  },
  {
    "firstName": "Chris",
    "lastName": "Mitchell",
    "age": 59,
    "soldProducts": {
      "count": 4,
      "products": [
        {
          "name": "CEDAX",
          "price": 342.86
        },
        {
          "name": "Wintergreen Isopropyl Alcohol",
          "price": 1397.57
        },
        {
          "name": "Etoposide",
          "price": 1483.96
        },
        {
          "name": "CVS Therapeutic Menthol Pain Reliever",
          "price": 1033.42
        }
      ]
    }
  },
  {
    "lastName": "Thompson",
    "age": 46,
    "soldProducts": {
      "count": 3,
      "products": [
        {
          "name": "Hydralazine Hydrochloride",
          "price": 1309.72
        },
        {
          "name": "Triamterene and Hydrochlorothiazide",
          "price": 1416.59
        },
        {
          "name": "Etodolac",
          "price": 1443.13
        }
      ]
    }
  },
  {
    "firstName": "Christina",
    "lastName": "Patterson",
    "age": 63,
    "soldProducts": {
      "count": 2,
      "products": [
        {
          "name": "PAMO Kill Natural",
          "price": 1181.06
        },
        {
          "name": "Meloxicam",
          "price": 809.18
        }
      ]
    }
  },
  {
    "firstName": "Brandon",
    "lastName": "Fuller",
    "age": 30,
    "soldProducts": {
      "count": 5,
      "products": [
        {
          "name": "Benazepril Hydrochloride and Hydrochlorothiazide",
          "price": 1187.27
        },
        {
          "name": "RESCRIPTOR",
          "price": 850.52
        },
        {
          "name": "Laser Block 100",
          "price": 1135.43
        },
        {
          "name": "Metformin Hydrochloride",
          "price": 953.99
        },
        {
          "name": "Ringers",
          "price": 1054.37
        }
      ]
    }
  },
  {
    "lastName": "Lawson",
    "age": 19,
    "soldProducts": {
      "count": 4,
      "products": [
        {
          "name": "MEDICATED DANDRUFF",
          "price": 1351.02
        },
        {
          "name": "Prednisone",
          "price": 1285.99
        },
        {
          "name": "AMARANTHUS PALMERI POLLEN",
          "price": 623.16
        },
        {
          "name": "LBEL Couleur Luxe Rouge Amplifier XP amplifying SPF 15",
          "price": 1069.43
        }
      ]
    }
  },
  {
    "firstName": "Christine",
    "lastName": "Gomez",
    "age": 28,
    "soldProducts": {
      "count": 9,
      "products": [
        {
          "name": "Topical 60 Sec Sodium Fluoride",
          "price": 1228.84
        },
        {
          "name": "Fosphenytoin Sodium",
          "price": 1334.06
        },
        {
          "name": "Ibuprofen",
          "price": 1305.96
        },
        {
          "name": "ESIKA",
          "price": 879.37
        },
        {
          "name": "PredniSONE",
          "price": 286.43
        },
        {
          "name": "PLANTAGO LANCEOLATA POLLEN",
          "price": 561.68
        },
        {
          "name": "Leg Cramp Relief",
          "price": 1345.69
        },
        {
          "name": "Aspirin",
          "price": 925.45
        },
        {
          "name": "Smooth texture Orange flavor",
          "price": 976.65
        }
      ]
    }
  },
  {
    "lastName": "Mitchell",
    "age": 41,
    "soldProducts": {
      "count": 3,
      "products": [
        {
          "name": "PREMIER VALUE ALLERGY",
          "price": 1127.61
        },
        {
          "name": "Extra Strength Pain Reliever PM",
          "price": 542.72
        },
        {
          "name": "VITALUMIERE AQUA",
          "price": 1293.09
        }
      ]
    }
  },
  {
    "firstName": "Jacqueline",
    "lastName": "Perez",
    "age": 25,
    "soldProducts": {
      "count": 2,
      "products": [
        {
          "name": "CALMING DIAPER RASH",
          "price": 700.92
        },
        {
          "name": "MEDI-FIRST Non-Aspirin",
          "price": 1301.28
        }
      ]
    }
  },
  {
    "lastName": "Fox",
    "age": 68,
    "soldProducts": {
      "count": 6,
      "products": [
        {
          "name": "Phenylephrine HCl",
          "price": 459.89
        },
        {
          "name": "Albuterol",
          "price": 108.95
        },
        {
          "name": "Acnezzol Base",
          "price": 710.60
        },
        {
          "name": "smart sense nighttime cold and flu relief",
          "price": 1101.77
        },
        {
          "name": "Flumazenil",
          "price": 1151.37
        },
        {
          "name": "Carbon Dioxide Oxygen Mixture",
          "price": 95.49
        }
      ]
    }
  },
  {
    "firstName": "Rachel",
    "lastName": "Johnson",
    "age": 24,
    "soldProducts": {
      "count": 6,
      "products": [
        {
          "name": "Zonisamide",
          "price": 1305.41
        },
        {
          "name": "Leflunomide",
          "price": 312.85
        },
        {
          "name": "Agaricus Equisetum Special Order",
          "price": 585.93
        },
        {
          "name": "Warfarin Sodium",
          "price": 1379.79
        },
        {
          "name": "Pleo Ginkgo",
          "price": 613.65
        },
        {
          "name": "SNORING HP",
          "price": 53.59
        }
      ]
    }
  },
  {
    "firstName": "Joshua",
    "lastName": "Murray",
    "age": 41,
    "soldProducts": {
      "count": 5,
      "products": [
        {
          "name": "up and up temporary minor arthritis pain relief",
          "price": 1085.78
        },
        {
          "name": "PRIMAXIN",
          "price": 686.66
        },
        {
          "name": "Ketorolac Tromethamine",
          "price": 608.18
        },
        {
          "name": "SEPHORA Acne-Fighting Mattifying Moisturizer",
          "price": 1019.28
        },
        {
          "name": "Finasteride",
          "price": 1374.01
        }
      ]
    }
  },
  {
    "firstName": "Gary",
    "lastName": "Stevens",
    "age": 0,
    "soldProducts": {
      "count": 3,
      "products": [
        {
          "name": "Metoprolol Tartrate",
          "price": 1405.74
        },
        {
          "name": "Air",
          "price": 331.53
        },
        {
          "name": "CD CAPTURE TOTALE Triple Correcting Serum Foundation Wrinkles-Dark Spots-Radiance with sunscreen Broad Spectrum SPF 25 010",
          "price": 77.23
        }
      ]
    }
  },
  {
    "firstName": "Arthur",
    "lastName": "Reynolds",
    "age": 32,
    "soldProducts": {
      "count": 8,
      "products": [
        {
          "name": "Glipizide",
          "price": 621.78
        },
        {
          "name": "Cefadroxil",
          "price": 1302.20
        },
        {
          "name": "Budpak Hemorrhoid Anesthetic",
          "price": 1499.29
        },
        {
          "name": "Alternaria alternata",
          "price": 61.24
        },
        {
          "name": "Alcohol Free Antiseptic",
          "price": 1486.07
        },
        {
          "name": "Pollens - Weeds and Garden Plants, Scotch Broom Cytisus scoparius",
          "price": 135.82
        },
        {
          "name": "DIPYRIDAMOLE",
          "price": 1150.67
        },
        {
          "name": "Glipizide and Metformin Hydrochloride",
          "price": 953.60
        }
      ]
    }
  },
  {
    "firstName": "Betty",
    "lastName": "Lawson",
    "age": 38,
    "soldProducts": {
      "count": 7,
      "products": [
        {
          "name": "Nighttime Sleep Aid",
          "price": 1217.11
        },
        {
          "name": "LANEIGE MYSTIC VEIL FOUNDATION",
          "price": 20.86
        },
        {
          "name": "Megestrol Acetate",
          "price": 976.15
        },
        {
          "name": "Pollens - Trees, Birch Mix",
          "price": 1153.54
        },
        {
          "name": "Clarins Paris Skin Illusion - 114 cappuccino",
          "price": 811.42
        },
        {
          "name": "PCA SKIN ACNE",
          "price": 1356.22
        },
        {
          "name": "Glyburide",
          "price": 95.10
        }
      ]
    }
  },
  {
    "firstName": "Marie",
    "lastName": "Williamson",
    "age": 0,
    "soldProducts": {
      "count": 3,
      "products": [
        {
          "name": "Aquafresh",
          "price": 849.93
        },
        {
          "name": "EPZICOM",
          "price": 895.65
        },
        {
          "name": "ESIKA 3-IN-1 PRO MAKE UP FOUNDATION SPF 20 BASE DE MAQUILLAJE PARA ROSTRO 3-EN-1 PRO FPS 20",
          "price": 1097.60
        }
      ]
    }
  },
  {
    "lastName": "Moreno",
    "age": 37,
    "soldProducts": {
      "count": 4,
      "products": [
        {
          "name": "Butalbital, Aspirin and Caffeine",
          "price": 1010.98
        },
        {
          "name": "ENBREL",
          "price": 673.97
        },
        {
          "name": "TRAMADOL HYDROCHLORIDE",
          "price": 516.48
        },
        {
          "name": "Childrens Allegra Allergy",
          "price": 650.97
        }
      ]
    }
  },
  {
    "firstName": "Sandra",
    "lastName": "Riley",
    "age": 74,
    "soldProducts": {
      "count": 6,
      "products": [
        {
          "name": "MOIST MOISTURE SKIN TONER",
          "price": 152.43
        },
        {
          "name": "TYLENOL COLD MULTI-SYMPTOM DAYTIME",
          "price": 1010.81
        },
        {
          "name": "Naproxen",
          "price": 807.22
        },
        {
          "name": "XANTHIUM STRUMARIUM VAR CANADENSE POLLEN",
          "price": 1091.38
        },
        {
          "name": "Care One Hemorrhoidal",
          "price": 932.18
        },
        {
          "name": "Gehwol med Lipidro",
          "price": 421.24
        }
      ]
    }
  },
  {
    "firstName": "Bonnie",
    "lastName": "Fox",
    "age": 18,
    "soldProducts": {
      "count": 2,
      "products": [
        {
          "name": "Allopurinol",
          "price": 48.80
        },
        {
          "name": "Oxygen",
          "price": 1242.92
        }
      ]
    }
  },
  {
    "lastName": "Peterson",
    "age": 72,
    "soldProducts": {
      "count": 4,
      "products": [
        {
          "name": "Topex",
          "price": 1258.49
        },
        {
          "name": "Allopurinol",
          "price": 336.81
        },
        {
          "name": "Homeopathic Rheumatism",
          "price": 967.08
        },
        {
          "name": "EMEND",
          "price": 1365.51
        }
      ]
    }
  },
  {
    "firstName": "Ann",
    "lastName": "Stevens",
    "age": 0,
    "soldProducts": {
      "count": 3,
      "products": [
        {
          "name": "Gemcitabine",
          "price": 594.79
        },
        {
          "name": "CHAMOMILLA",
          "price": 37.97
        },
        {
          "name": "Ibuprofen",
          "price": 1088.04
        }
      ]
    }
  },
  {
    "firstName": "Doris",
    "lastName": "Cook",
    "age": 61,
    "soldProducts": {
      "count": 2,
      "products": [
        {
          "name": "Acid Reducer",
          "price": 1443.51
        },
        {
          "name": "Myristica Argentum Sinus Relief",
          "price": 904.52
        }
      ]
    }
  },
  {
    "firstName": "Carl",
    "lastName": "Daniels",
    "age": 59,
    "soldProducts": {
      "count": 4,
      "products": [
        {
          "name": "Dover Aminophen",
          "price": 192.07
        },
        {
          "name": "Clearskin",
          "price": 968.59
        },
        {
          "name": "Effervescent Cold Relief",
          "price": 1436.07
        },
        {
          "name": "Ampicillin",
          "price": 674.63
        }
      ]
    }
  },
  {
    "firstName": "Nicole",
    "lastName": "Martinez",
    "age": 28,
    "soldProducts": {
      "count": 5,
      "products": [
        {
          "name": "Retin-A MICRO",
          "price": 995.98
        },
        {
          "name": "Levothyroxine Sodium",
          "price": 885.86
        },
        {
          "name": "DIVALPROEX SODIUM",
          "price": 1287.03
        },
        {
          "name": "IOPE RETIGEN MOISTURE TWIN CAKE NO.21",
          "price": 1257.71
        },
        {
          "name": "SUMATRIPTAN SUCCINATE",
          "price": 1265.94
        }
      ]
    }
  },
  {
    "lastName": "Schmidt",
    "age": 70,
    "soldProducts": {
      "count": 3,
      "products": [
        {
          "name": "REYATAZ",
          "price": 41.97
        },
        {
          "name": "PANTOPRAZOLE SODIUM",
          "price": 293.89
        },
        {
          "name": "smart sense nicotine",
          "price": 1444.12
        }
      ]
    }
  },
  {
    "firstName": "Clarence",
    "lastName": "Fowler",
    "age": 50,
    "soldProducts": {
      "count": 2,
      "products": [
        {
          "name": "Perrigo Benzoyl Peroxide",
          "price": 873.24
        },
        {
          "name": "GOONG SECRET CALMING BATH",
          "price": 742.47
        }
      ]
    }
  },
  {
    "lastName": "Stewart",
    "age": 39,
    "soldProducts": {
      "count": 3,
      "products": [
        {
          "name": "Head and Shoulders Conditioner",
          "price": 1099.59
        },
        {
          "name": "Almond",
          "price": 367.32
        },
        {
          "name": "Protonix",
          "price": 466.70
        }
      ]
    }
  },
  {
    "firstName": "Patricia",
    "lastName": "Cooper",
    "age": 72,
    "soldProducts": {
      "count": 3,
      "products": [
        {
          "name": "Dawn Ultra Antibacterial Hand",
          "price": 969.86
        },
        {
          "name": "Prostate",
          "price": 716.05
        },
        {
          "name": "Amitriptyline Hydrochloride",
          "price": 1453.96
        }
      ]
    }
  },
  {
    "firstName": "Nicole",
    "lastName": "Harris",
    "age": 43,
    "soldProducts": {
      "count": 4,
      "products": [
        {
          "name": "cough and sore throat",
          "price": 1482.68
        },
        {
          "name": "Labetalol Hydrochloride",
          "price": 1345.11
        },
        {
          "name": "XtraCare Foam Antibacterial Hand Wash",
          "price": 1251.97
        },
        {
          "name": "Strattera",
          "price": 658.54
        }
      ]
    }
  },
  {
    "lastName": "Cunningham",
    "age": 0,
    "soldProducts": {
      "count": 3,
      "products": [
        {
          "name": "Diastat",
          "price": 614.14
        },
        {
          "name": "Etomidate",
          "price": 393.94
        },
        {
          "name": "NEO-POLY-BAC HYDRO",
          "price": 967.32
        }
      ]
    }
  },
  {
    "firstName": "Kathy",
    "lastName": "Gilbert",
    "age": 51,
    "soldProducts": {
      "count": 2,
      "products": [
        {
          "name": "Ranitidine",
          "price": 926.64
        },
        {
          "name": "Ondansetron",
          "price": 1249.76
        }
      ]
    }
  },
  {
    "lastName": "Harrison",
    "age": 18,
    "soldProducts": {
      "count": 3,
      "products": [
        {
          "name": "Allopurinol",
          "price": 518.50
        },
        {
          "name": "Stila Hydrating Primer Oil-Free SPF 30",
          "price": 179.28
        },
        {
          "name": "leader pain reliever",
          "price": 1179.79
        }
      ]
    }
  },
  {
    "firstName": "Fred",
    "lastName": "Allen",
    "age": 57,
    "soldProducts": {
      "count": 4,
      "products": [
        {
          "name": "Shopko Lip Treatment",
          "price": 861.42
        },
        {
          "name": "Trihexyphenidyl Hydrochloride",
          "price": 64.88
        },
        {
          "name": "TERSI",
          "price": 554.91
        },
        {
          "name": "Warfarin Sodium",
          "price": 138.83
        }
      ]
    }
  },
  {
    "firstName": "Anna",
    "lastName": "Clark",
    "age": 41,
    "soldProducts": {
      "count": 3,
      "products": [
        {
          "name": "Amitiza",
          "price": 666.58
        },
        {
          "name": "Moore Medical Sinus Pain and Pressure Relief",
          "price": 855.39
        },
        {
          "name": "Fexofenadine HCl and Pseudoephedrine HCI",
          "price": 73.07
        }
      ]
    }
  },
  {
    "firstName": "Thomas",
    "lastName": "Snyder",
    "age": 40,
    "soldProducts": {
      "count": 2,
      "products": [
        {
          "name": "Eszopiclone",
          "price": 405.03
        },
        {
          "name": "Aspen",
          "price": 1046.46
        }
      ]
    }
  },
  {
    "firstName": "Emily",
    "lastName": "Parker",
    "age": 41,
    "soldProducts": {
      "count": 3,
      "products": [
        {
          "name": "Parsley",
          "price": 519.06
        },
        {
          "name": "Pollens - Weeds and Garden Plants, Nettle Urtica dioica",
          "price": 782.77
        },
        {
          "name": "Irbesartan and Hydrochlorothiazide",
          "price": 308.30
        }
      ]
    }
  }
]