<?xml version="1.0" encoding="UTF-8" standalone="yes"?>
<products>
    <product name="TRAMADOL HYDROCHLORIDE" price="516.48" seller="null Moreno"/>
    <product name="Allopurinol" price="518.50" seller="null Harrison"/>
    <product name="Parsley" price="519.06" seller="Emily Parker"/>
    <product name="equaline" price="520.45" seller="Sarah Day"/>
    <product name="Extra Strength Pain Reliever PM" price="542.72" seller="null Mitchell"/>
    <product name="Propranolol Hydrochloride" price="546.95" seller="Jennifer Riley"/>
    <product name="Prednisone" price="550.72" seller="Sarah Day"/>
    <product name="TERSI" price="554.91" seller="Fred Allen"/>
    <product name="DAYWEAR PLUS MULTI PROTECTION TINTED MOISTURIZER" price="555.12" seller="Eugene Stewart"/>
    <product name="PLANTAGO LANCEOLATA POLLEN" price="561.68" seller="Christine Gomez"/>
    <product name="Echinacea Quartz Gum Support" price="570.08" seller="Anna Parker"/>
    <product name="Topiramate" price="578.77" seller="null Baker"/>
    <product name="AIR" price="581.69" seller="Fred Barnes"/>
    <product name="Agaricus Equisetum Special Order" price="585.93" seller="Rachel Johnson"/>
    <product name="Gemcitabine" price="594.79" seller="Ann Stevens"/>
    <product name="Ketorolac Tromethamine" price="608.18" seller="Joshua Murray"/>
    <product name="Pleo Ginkgo" price="613.65" seller="Rachel Johnson"/>
    <product name="Diastat" price="614.14" seller="null Cunningham"/>
    <product name="No7 Protect and Perfect Foundation Sunscreen Broad Spectrum SPF 15 Cool Ivory" price="616.19" seller="Benjamin Henry"/>
    <product name="Glipizide" price="621.78" seller="Arthur Reynolds"/>
    <product name="AMARANTHUS PALMERI POLLEN" price="623.16" seller="null Lawson"/>
    <product name="Foaming Hand Sanitizer" price="624.72" seller="Amanda Frazier"/>
    <product name="ziprasidone hydrochloride" price="628.66" seller="Fred Barnes"/>
    <product name="AVANDAMET" price="632.08" seller="Jennifer Riley"/>
    <product name="Imipramine Hydrochloride" price="648.69" seller="Patricia Fuller"/>
    <product name="Childrens Allegra Allergy" price="650.97" seller="null Moreno"/>
    <product name="Strattera" price="658.54" seller="Nicole Harris"/>
    <product name="Amitiza" price="666.58" seller="Anna Clark"/>
    <product name="ENBREL" price="673.97" seller="null Moreno"/>
    <product name="Ampicillin" price="674.63" seller="Carl Daniels"/>
    <product name="PRIMAXIN" price="686.66" seller="Joshua Murray"/>
    <product name="CLARINS Ever Matte SPF 15 - 105 Nude" price="696.06" seller="Patricia Fuller"/>
    <product name="CALMING DIAPER RASH" price="700.92" seller="Jacqueline Perez"/>
    <product name="Acnezzol Base" price="710.60" seller="null Fox"/>
    <product name="Prostate" price="716.05" seller="Patricia Cooper"/>
    <product name="Pleo Lat" price="720.08" seller="Billy Parker"/>
    <product name="GOONG SECRET CALMING BATH" price="742.47" seller="Clarence Fowler"/>
</products>
