<?xml version="1.0" encoding="UTF-8" standalone="yes"?>
<categories>
    <category name="Drugs">
        <products-count>69</products-count>
        <average-price>799.961884</average-price>
        <total-revenue>55197.37</total-revenue>
    </category>
    <category name="Adult">
        <products-count>72</products-count>
        <average-price>776.304583</average-price>
        <total-revenue>55893.93</total-revenue>
    </category>
    <category name="Electronics">
        <products-count>65</products-count>
        <average-price>744.444615</average-price>
        <total-revenue>48388.90</total-revenue>
    </category>
    <category name="Garden">
        <products-count>74</products-count>
        <average-price>707.402297</average-price>
        <total-revenue>52347.77</total-revenue>
    </category>
    <category name="Weapons">
        <products-count>67</products-count>
        <average-price>785.30806</average-price>
        <total-revenue>52615.64</total-revenue>
    </category>
    <category name="For Children">
        <products-count>74</products-count>
        <average-price>772.772297</average-price>
        <total-revenue>57185.15</total-revenue>
    </category>
    <category name="Sports">
        <products-count>81</products-count>
        <average-price>737.969012</average-price>
        <total-revenue>59775.49</total-revenue>
    </category>
    <category name="Fashion">
        <products-count>82</products-count>
        <average-price>835.826341</average-price>
        <total-revenue>68537.76</total-revenue>
    </category>
    <category name="Autoparts">
        <products-count>75</products-count>
        <average-price>812.787867</average-price>
        <total-revenue>60959.09</total-revenue>
    </category>
    <category name="Business">
        <products-count>73</products-count>
        <average-price>849.395068</average-price>
        <total-revenue>62005.84</total-revenue>
    </category>
    <category name="Other">
        <products-count>78</products-count>
        <average-price>816.866282</average-price>
        <total-revenue>63715.57</total-revenue>
    </category>
</categories>
